Date,Category,Amount,Payment_Mode,Description
2025-02-16,Health,1833.85,Debit Card,Leg animal dark address.
2025-06-26,Office,2612.01,Credit Card,
2026-04-02,Entertainment,1178.21,Credit Card,Charge anything stage effort environment yes gas.
2024-08-27,Health,3655.12,Debit Card,Door window ahead today education.
2025-06-26,Health,3905.35,Debit Card,From raise collection seem.
,Travel,943.69,Net Banking,
2025-04-14,Entertainment,4296.09,Net Banking,Either area skill simply contain toward different floor.
2025-05-28,,1504.6,Cash,Nearly down through produce arm report wait.
2024-10-30,Utilities,1047.03,Cash,
2024-12-19,,3691.39,Net Banking,Mother little think song natural now hundred choice.
,Entertainment,1168.91,,Phone stage serve.
2024-08-25,Food,4767.5,Debit Card,Look mind industry talk course.
2025-03-19,Food,4761.66,Credit Card,Spend near page family modern.
2024-08-19,,1326.88,,
2026-03-04,Utilities,4157.47,Cash,Especially note wonder fight.
2025-12-02,Health,1338.8,UPI,Summer together word be knowledge home.
2025-04-06,Travel,4132.31,Credit Card,Evening laugh idea option draw when compare knowledge.
2026-01-20,Office,3175.73,,Develop situation ok blood once near save.
2025-03-19,Utilities,2305.06,Credit Card,Trade set bad building care in.
2024-09-12,Entertainment,3081.85,Net Banking,Officer ability lead situation in.
2026-02-26,Food,3590.33,Debit Card,Network pick reality item support.
2024-12-23,Food,2291.8,Cash,Attention carry family begin kid art.
2024-07-02,Food,4416.57,Cash,Traditional story father five.
2026-05-12,,4741.36,Credit Card,Why key particular fly.
2025-01-05,Office,4073.96,Cash,Economy forward reveal contain bank collection factor give.
2024-11-18,Entertainment,4460.22,Debit Card,Option already indicate responsibility long edge artist bag.
2024-06-09,Utilities,4147.53,Debit Card,Somebody wonder bar none help.
2025-10-12,Food,2387.68,Credit Card,Maybe industry news life majority area.
,Food,4853.33,Credit Card,Leg part gas leg hold.
2024-10-13,Food,197.57,Debit Card,
2024-11-11,Food,2279.98,Credit Card,Enjoy individual join paper mind.
2024-09-04,Food,233.48,Credit Card,Art blood try budget.
2025-09-23,Food,2638.01,Cash,Language town stock now half dog.
2024-11-06,Food,3946.65,Net Banking,Off sense performance.
2024-06-17,Utilities,4926.08,Net Banking,
2025-10-26,Office,1489.19,Cash,Focus court collection knowledge score party.
,Entertainment,4779.65,Credit Card,Ten again federal partner paper cup.
2025-02-25,Food,944.91,UPI,Price account strategy hair interesting baby remember box.
2025-09-25,Utilities,274.1,Cash,Red language hand choose center nor industry continue.
2024-07-19,Travel,3529.99,,Citizen book image available unit fast seven.
,Utilities,2204.72,Cash,Pattern begin country.
2026-02-23,Health,2484.93,Debit Card,Moment fly small.
2024-12-31,Food,4955.87,,Case majority personal threat.
2025-08-24,Food,3907.3,Cash,Land treatment environmental two finish vote finally.
2025-07-08,Utilities,3368.16,Credit Card,Consumer account just realize write likely.
2026-01-28,Office,4092.65,Credit Card,Plant son clear season skin oil.
2024-06-19,Utilities,3262.14,UPI,Exist clearly suggest especially.
2026-02-06,Office,4794.76,Net Banking,Without defense see thank you affect.
2024-06-27,Office,454.42,Credit Card,Want together near.
2025-05-26,Travel,,Credit Card,Direction system will relationship former current teach.
2024-09-01,,376.59,UPI,Population fine its offer trouble more traditional.
,Utilities,1582.73,Cash,Which month bring agency.
2025-08-12,Utilities,1248.23,Credit Card,Across name free treat age.
2026-03-17,Travel,54.69,Cash,Five less scientist eight case finish.
2024-06-30,Health,4916.53,Debit Card,Cut probably tell yourself.
2025-03-17,Utilities,,Cash,Month speech bad physical close produce word.
2024-11-05,Health,3581.05,UPI,Vote place oil.
2025-12-19,Food,964.55,Net Banking,Ahead hope claim table of.
2025-01-30,Entertainment,397.94,UPI,Marriage however or thank nor traditional course expect.
2026-04-07,Office,244.66,UPI,Continue want until executive skin.
2024-10-31,Office,95.34,Debit Card,Get design run throughout woman.
2025-12-05,Entertainment,245.06,UPI,Section inside ground voice their cultural level.
,Entertainment,3107.53,Net Banking,High yourself war follow before case.
2026-04-22,,2838.45,UPI,Risk short economic very with.
2026-03-26,Health,2127.0,Credit Card,
2026-04-12,Travel,4021.83,Credit Card,Story sister medical store own.
2026-04-13,Utilities,,Credit Card,Friend these clearly strong near join magazine.
2025-01-12,Entertainment,2645.51,Debit Card,Family establish including.
2025-10-23,Food,3461.97,UPI,Evening bank color that artist small hundred.
2025-04-06,Food,2428.04,,Western can ability push ten capital.
2025-10-10,Food,2009.07,Cash,Condition by music.
2025-08-19,Entertainment,1944.2,UPI,Particular hit agent vote situation.
2025-11-06,Health,4658.99,UPI,Vote low rise various say.
2024-10-31,Office,,Debit Card,Bag song brother only could.
2024-10-16,Health,4249.54,,War pass administration military.
2026-04-20,Entertainment,2834.56,Debit Card,Wish factor present view management.
2026-02-22,,125.23,Cash,Fast down east during little.
2025-01-23,,2518.38,Net Banking,
2025-10-30,Utilities,1199.22,Net Banking,Quickly figure here indeed theory sound.
2026-04-04,Utilities,2611.16,Debit Card,Hot look city program industry miss attorney can.
2025-12-30,Utilities,2960.09,UPI,Become analysis better either.
2024-09-27,Utilities,379.33,Debit Card,Economic section else skin clear.
2025-04-07,Entertainment,3849.69,UPI,Face structure you card beautiful.
2025-09-05,,2144.76,Credit Card,Citizen clearly reduce line.
2025-01-01,Food,304.39,Credit Card,Work cold threat Republican.
2024-11-16,Utilities,,Credit Card,Rest American man million son he.
2025-06-24,Office,1001.45,Net Banking,Morning her city including green reach anything them.
2024-11-10,Travel,3052.7,Net Banking,Daughter goal certain.
2026-03-08,Utilities,3638.74,Debit Card,Event he television style.
2024-05-30,Office,,Credit Card,Increase respond or spend book.
2024-11-14,Food,1855.21,Cash,Front decade notice foreign above if.
2025-02-26,Utilities,,,Read interest lead raise believe despite ok.
2024-06-15,Food,497.22,UPI,
2025-10-10,Utilities,3865.95,Net Banking,Clear box traditional policy.
,Utilities,784.61,UPI,Resource too card foreign economic.
2025-01-06,,3368.06,Debit Card,Travel to letter wonder again rock.
2026-03-24,Travel,808.88,Cash,Simply fight those.
2024-11-13,,1116.58,UPI,Tonight simply actually how different require step.
2025-06-24,Travel,3214.89,Net Banking,Simply each pressure yet second quality out.
2024-09-30,Utilities,4266.28,Credit Card,Art my possible.
,Entertainment,4407.0,Debit Card,Born practice newspaper history direction sing.
2025-11-30,Food,2647.6,Net Banking,High religious another.
2024-12-20,Health,4808.54,UPI,Final lawyer total use along.
2024-11-05,Food,4962.95,UPI,Sometimes that candidate indicate wonder.
2024-09-29,,4889.19,UPI,Apply difficult later watch better hard want.
2025-08-01,Travel,3365.75,UPI,Yard strong speak eat.
2025-01-22,Food,1728.48,Cash,Art decade stuff seat.
2025-02-17,Office,3727.14,UPI,Marriage population evening interview matter food.
2024-07-07,Entertainment,1188.98,Credit Card,Decide long ground teacher teacher.
2026-05-09,,1957.34,Debit Card,Task activity idea natural board theory.
2024-10-28,Utilities,2371.22,Cash,Call yet bar study talk yes husband.
2024-11-20,,1876.36,UPI,
2026-02-08,,4079.4,Debit Card,Recently house his doctor stuff surface fact.
2026-05-14,Entertainment,2544.89,UPI,Everybody story middle receive.
2025-06-30,Utilities,4792.31,Debit Card,Church section room sound series.
2024-11-27,,3444.87,Credit Card,Positive involve think else.
2025-10-29,Food,3801.61,Debit Card,Avoid could kind have.
2025-02-08,Health,2558.78,Net Banking,Training piece down indicate up environmental.
2026-03-29,,3895.1,Debit Card,Now just recently parent if sometimes agree.
2025-11-25,,4316.85,Debit Card,Product which effort question father especially.
,Food,2425.56,Cash,Western piece ever although more better sea.
2025-08-31,,1201.91,Debit Card,
2025-07-06,Utilities,1878.53,,Machine positive collection task sing hotel only.
2024-06-04,Food,,Debit Card,Audience discover mission down top skill role.
2024-11-11,Travel,412.84,Net Banking,Fast difficult worker government.
2025-10-04,Utilities,2288.13,,Without offer election behind real arm town past.
,Food,2584.35,UPI,Enough keep tonight record budget ball.
2026-04-26,Travel,2420.2,UPI,Computer mention between draw dream half late.
2024-09-16,Health,2781.36,Cash,
2026-02-17,Entertainment,1712.23,Net Banking,Magazine know clear hope nice easy century.
2026-04-23,Food,4217.51,,Surface air sell open window may drug follow.
2025-07-01,Entertainment,1482.78,Cash,Skill power heart six number.
2024-09-11,Food,2675.46,Net Banking,Left mouth indicate improve important.
2024-08-03,Food,3217.44,Net Banking,Mention minute stay market right message.
2025-11-02,Travel,1738.13,Credit Card,Explain also challenge impact.
2026-03-15,Office,,Cash,Eight office strong final per pick.
2024-12-15,,2783.05,Net Banking,Either issue section line girl forget.
2025-05-04,Health,2364.88,Cash,Cut administration certainly material but.
2026-04-09,Utilities,,Net Banking,Whose they field quality.
,Health,3776.98,Credit Card,Fact finish high.
2024-10-02,Entertainment,2896.71,Credit Card,Safe process push fact.
2024-07-20,Health,4475.25,Net Banking,Bit rest behavior team.
,Health,915.05,Net Banking,Final response work pretty claim hard weight.
2025-06-28,Utilities,3950.04,UPI,Authority affect join western.
2025-02-16,Entertainment,4165.34,UPI,
2024-06-01,Entertainment,2306.76,UPI,Tonight across run individual.
,,4876.13,Credit Card,American without policy late write.
2026-03-09,Entertainment,2737.2,,Direction nation fear follow upon nation set claim.
2026-02-13,Travel,2054.46,Debit Card,Civil pattern program language little.
2026-02-13,Travel,2073.45,Debit Card,Would choose way section fire baby arrive occur.
2024-06-16,Office,2931.75,UPI,Matter second spend body design major.
2024-09-17,Food,1001.64,,Stay and production southern.
2026-01-29,,4812.67,Cash,Man place beat it summer.
2025-07-24,Office,3071.59,Debit Card,Final student consumer move.
2024-07-10,Utilities,3671.45,Credit Card,Trial hot lot do population tree realize.
2026-05-22,,1418.54,Net Banking,Change low build analysis tree agree.
2024-09-21,Travel,83.2,,Rock report run event hot.
2024-05-29,Health,4185.19,Credit Card,
2025-02-13,Office,3705.89,Net Banking,Painting design truth get.
2024-07-16,Office,4937.28,UPI,
2026-04-08,Health,2609.98,Cash,Unit radio owner necessary.
2025-07-05,Office,4936.45,Credit Card,Have might seek suggest them I project.
2025-08-31,Entertainment,4786.36,UPI,Fire strategy manage.
2025-01-16,Food,,UPI,Response thus most ball story.
2024-07-23,Travel,,Cash,Study financial movie goal voice feeling yard foreign.
2026-03-17,Entertainment,2965.44,Debit Card,Draw election determine truth option hope what.
2025-08-17,Health,1146.57,Cash,
,Health,4628.37,Debit Card,Fast loss seat into.
2024-12-20,Health,2335.27,Cash,Attack born population up give although.
2024-08-26,Travel,,Net Banking,Ago far service over often.
,Food,3729.53,Debit Card,
2025-10-16,Office,856.15,Cash,American politics series stay.
2025-08-18,Health,1686.39,,Stock unit them which success box.
2025-07-18,Office,2352.56,UPI,
2026-04-02,Office,3922.88,Cash,Box report wonder now next year.
2024-12-23,Health,3746.41,Credit Card,Current sing out clearly.
2025-06-13,Health,1985.1,Debit Card,Range attention attack forward could collection.
2025-03-09,Entertainment,1551.11,Cash,Difficult beautiful piece accept political guy.
2026-05-12,Utilities,4666.65,UPI,Become eat small research human outside model free.
2025-03-31,Utilities,2016.64,Debit Card,Various manager call kitchen notice house.
2024-08-27,Entertainment,4354.7,Credit Card,Industry first with natural fact time likely.
2025-09-14,Office,3482.16,UPI,Speak goal huge help already popular fine.
2026-02-10,Travel,,Cash,Even us try better usually measure.
2024-08-10,Health,2264.18,Debit Card,Within her how himself above federal.
,Entertainment,,Debit Card,The TV already try moment.
2026-01-10,,3187.03,Cash,
2026-01-21,Food,3540.4,UPI,Get student star.
2025-06-23,Travel,3448.44,Debit Card,Up husband after.
2024-09-11,,4162.56,Net Banking,People compare involve voice your even their.
,Entertainment,2314.66,UPI,Unit live determine nation eight hour new.
2025-06-20,Utilities,4769.7,Cash,
2024-10-01,,3435.57,Credit Card,Produce too modern science consider federal.
2026-01-13,Utilities,1442.98,Debit Card,Institution section federal address listen.
2026-05-17,Travel,1413.82,Credit Card,Must thought point send.
2026-02-13,Utilities,2202.53,Credit Card,Anyone stop remain debate tend evening green.
2024-06-17,Food,4933.42,UPI,Take knowledge several town weight cell.
2025-05-29,,,Net Banking,Suddenly remember matter scene cold debate decade.
2024-08-22,Travel,,Debit Card,See run life today scientist how result.
2024-10-08,Food,1391.19,UPI,Staff painting enjoy station history.
2024-07-15,Health,1838.16,Debit Card,Third leave our another fire.
2024-12-01,Entertainment,3948.88,Debit Card,However guess like time hundred.
,Entertainment,3629.56,Net Banking,Professor town red parent from must control.
2026-01-21,Health,1877.9,UPI,Reach physical girl surface believe.
2025-01-09,Health,3988.13,Cash,Discussion single treat pull buy.
,Utilities,870.08,Credit Card,Marriage fine operation how share job.
2025-08-29,Utilities,4392.52,Cash,
2026-01-26,Food,2000.39,Cash,Give office star choose information.
2026-05-11,Travel,1986.93,Credit Card,Writer culture suggest evening be.
,Health,4187.82,Net Banking,Service eye lay which evening several.
2025-08-09,Office,2380.71,Credit Card,Key look follow.
2026-03-15,Office,3549.24,Net Banking,Argue great character stand night which.
2024-07-06,Travel,4534.48,Debit Card,Third simply standard trip government establish open.
,Food,4361.71,Credit Card,Deep indeed customer assume lay.
2024-08-28,,2995.96,Net Banking,Reflect agree finally across beautiful stuff.
2026-05-21,Utilities,1078.15,Credit Card,Enjoy improve throw half degree key consumer.
2025-12-28,Health,560.11,Net Banking,Forward two return within food own.
2025-04-30,Utilities,2056.16,Net Banking,Where alone teach sound.
2026-01-20,Office,,Net Banking,Somebody likely or we.
2026-04-01,Entertainment,601.16,Credit Card,Heart foreign American as audience season.
2024-08-29,Travel,4936.97,,Amount maybe more admit.
2024-11-24,Office,4336.8,UPI,Campaign other story pretty.
2024-12-13,Travel,3201.03,Cash,Ten admit travel college service.
,Food,671.03,Cash,Trouble site remain out grow.
2025-08-03,Utilities,2299.1,Debit Card,Wide line modern report him detail information ok.
2024-06-02,Office,1719.49,Credit Card,Drug pick company current state.
2024-11-02,Utilities,3420.7,Credit Card,Sure up consumer stop.
2025-04-25,Travel,1845.58,Debit Card,Modern little relationship inside near.
2025-05-01,Food,,Credit Card,More direction process also.
2026-04-07,Entertainment,3509.46,UPI,Low subject ready room leader list.
2026-05-09,Health,1052.01,Credit Card,Industry doctor tonight hundred.
2025-04-26,Entertainment,975.77,Credit Card,Exactly enter full and air prevent wife each.
2025-03-26,Office,3834.04,Debit Card,Other effort agency successful than.
2025-03-12,Utilities,3985.82,Net Banking,Morning prove six air forget party.
2024-10-30,Travel,126.94,Debit Card,Whom clear peace brother stuff.
2024-07-04,Office,1480.3,UPI,Experience land every whether all group there.
2024-08-01,Travel,3364.63,Debit Card,Area law live paper arrive style provide.
2024-08-02,Health,3278.53,UPI,Then last article despite any.
,Entertainment,1189.96,Debit Card,With art loss task human.
2025-07-05,Utilities,1954.11,Debit Card,
2025-06-21,Office,,Cash,All discover or project long give.
2025-10-23,Office,2770.4,Cash,Article camera whom product yourself.
2026-04-19,Office,,Net Banking,Energy billion admit already.
2025-09-28,Entertainment,4675.9,Cash,One successful finally southern maybe model.
,Travel,3210.85,Net Banking,Look free walk ten.
2026-05-07,Entertainment,1539.84,Cash,Have source than decide because wide.
2025-06-09,Travel,,Cash,Note score shoulder feeling should.
2026-02-06,Health,3596.56,Debit Card,Field throughout seek strategy pattern town pay.
2025-12-31,Office,1507.02,Credit Card,However sometimes team attention.
2026-04-27,,2199.33,Credit Card,Everybody television worker behind difficult heart.
2025-03-20,Travel,1314.88,Cash,Page subject upon already many dream.
2025-10-25,Food,2180.3,UPI,Nothing owner travel.
2024-08-04,Food,2431.18,Debit Card,Movie water offer.
2026-03-01,Utilities,3409.43,UPI,Hotel woman heavy against improve.
2025-06-21,Office,,Net Banking,Option protect room government oil great couple.
2024-12-28,Health,2946.24,,As particular couple too beautiful strategy chance.
2026-02-12,Travel,,Cash,Generation his way alone away develop girl eat.
2026-02-12,Food,638.31,Net Banking,Modern civil be compare discuss range.
2025-01-16,Travel,2940.96,Net Banking,
2026-03-15,Health,4844.16,Cash,Will case product recognize member nature number.
2025-12-09,Office,2623.38,Credit Card,Member establish study nothing beautiful report herself.
2024-10-26,,1215.93,Net Banking,Because garden player college find.
2025-07-15,Office,767.07,,What myself arm protect long.
2026-03-05,Office,939.65,Cash,Machine these first never hope.
2025-04-16,Entertainment,4585.02,Debit Card,Special scene force record outside keep Republican white.
2026-04-06,Entertainment,1816.35,Net Banking,Walk develop stage sound pass interview rest get.
2025-10-04,Utilities,,Debit Card,Leader to eat begin put.
,Travel,966.19,Debit Card,Song consider mouth arm test term start.
2024-06-06,Food,2211.3,Debit Card,Report successful certain officer.
2024-08-10,Health,2420.0,,Couple glass marriage pattern.
2026-04-21,Travel,953.92,,Make then factor mean.
2026-02-23,Health,,Debit Card,Pass available political senior him.
2024-10-16,Health,,Debit Card,Quality upon policy far almost democratic page.
2025-07-01,Utilities,1524.31,UPI,Program movement attack grow.
2025-11-01,Health,3487.91,Cash,Next help everyone will several radio.
2025-12-20,,2822.49,,Among ok indicate state.
2025-01-21,Food,386.81,Net Banking,
2026-01-06,Health,4108.02,Cash,Be drop wonder game thing customer seven.
,Utilities,,,Night produce weight all morning particular.
2025-06-02,Food,4563.12,UPI,Find tax deal read discover leave care.
,Food,947.54,Net Banking,Produce want social along.
,Travel,1238.24,Net Banking,At maintain mean use others.
,Travel,2847.04,,Popular give past mouth occur every.
2025-12-12,Utilities,2470.3,Debit Card,Should information any region consider hand focus successful.
2025-03-01,Travel,905.52,Net Banking,Particular international reality system.
2024-05-25,Travel,4679.0,Debit Card,Mean conference magazine media manage produce free.
2026-05-19,Office,1518.76,UPI,More rich per big.
2026-04-17,Entertainment,3691.43,,Reveal member future pretty focus leg most benefit.
2025-01-17,Travel,4297.98,,Energy weight fish politics mind.
2024-11-16,Health,,UPI,Dream affect fact feel individual.
2026-03-17,Entertainment,686.45,Net Banking,Whose spend natural good character we question.
2026-02-26,Health,3130.22,,Soon central fly on he.
2025-05-11,Office,3158.69,Cash,Maybe artist sound exactly such.
2025-04-19,Entertainment,4056.25,Cash,Yet professional player enjoy unit say how activity.
2025-12-27,Food,212.08,Credit Card,Save people believe recently write effort worry.
2026-03-22,Utilities,2170.69,Debit Card,Behind every apply commercial.
2024-08-24,Office,203.39,UPI,Baby player former wish stay fly any condition.
2024-10-26,Entertainment,4156.51,UPI,
2025-06-29,Office,,,Magazine conference protect million.
2025-06-24,,2258.45,Credit Card,Deep break record Democrat here ask mother condition.
2025-07-17,Utilities,3581.03,Credit Card,Left service pretty film.
2024-07-10,Health,1101.07,,
2026-05-17,Utilities,,Credit Card,Law what agency statement support law exist.
2025-09-12,,4825.34,Credit Card,Huge air before PM draw.
2025-12-07,Health,63.43,Credit Card,Wind doctor every improve west majority.
2025-04-20,Utilities,4247.73,Credit Card,Measure tax someone son field least.
2025-04-10,Travel,2643.82,Cash,Reflect her agreement condition someone.
2025-07-06,Entertainment,2583.4,Cash,Operation take public up world.
,Travel,2741.55,Cash,We ask now popular movement fish kid.
2025-01-22,,1898.42,UPI,Operation peace hospital media.
2025-04-18,Health,523.5,Cash,Which hard office week.
2025-12-04,,,,Go player scene.
2026-05-20,Office,418.14,Cash,Often worker himself here choose PM allow.
2026-02-10,Food,3466.35,Cash,Quality serve view per.
2025-07-03,Entertainment,1708.41,UPI,Cover interview wide fine bad star include this.
,Health,3021.46,Cash,Bank be build pass environment drug.
2026-04-11,Food,1142.0,Net Banking,Cell generation position argue.
2026-02-17,Health,4078.63,UPI,Everything science machine bag concern early employee hot.
2024-05-24,Travel,62.3,Credit Card,Push city Republican memory accept personal.
2025-08-12,Office,,Credit Card,Case court everybody decision region dark.
2025-11-13,Entertainment,2442.95,Cash,Push person result part.
2024-08-16,Food,906.56,Net Banking,Various food person simple far.
2025-07-14,Office,806.38,Credit Card,Goal lawyer better plan.
2025-09-24,Health,,Cash,Choose spring eat walk military could memory.
2024-07-19,Office,1165.0,Debit Card,Everybody would beyond energy party oil book.
2025-09-08,,2964.25,,Tonight firm present public his create.
2025-09-03,Entertainment,2863.59,Cash,
2024-11-04,Entertainment,3890.22,Net Banking,Medical I all beat public spring.
2025-07-17,,1918.47,Cash,
,,1497.94,UPI,Girl study mention have only.
2025-03-14,Travel,2475.52,,Wife great certain environment better wife.
2026-03-25,Food,,UPI,Create hard fill girl allow hit.
2026-05-22,Office,3972.3,UPI,Skill receive south outside send wear.
2024-07-22,Entertainment,324.23,Debit Card,All protect strategy represent air no.
2024-10-15,Food,1403.78,UPI,Final where name partner.
2026-05-15,Utilities,918.28,Credit Card,Hotel week machine trouble probably.
2025-01-10,Travel,,Debit Card,Machine play environmental race.
2025-10-17,Office,353.14,Cash,
2026-02-10,Food,2628.8,Debit Card,Factor build nothing require old case scene throughout.
2025-06-13,Office,3018.42,Credit Card,North region former citizen nature.
2025-05-25,Travel,,Net Banking,
2025-10-16,Travel,4727.68,Debit Card,Four so history smile threat same send.
2025-10-16,Utilities,847.36,,Science foot mother significant election more.
2025-10-14,,3994.44,UPI,Buy mouth system war.
,Travel,1163.55,,Catch ready already land effort apply.
2026-04-24,Utilities,2880.34,Net Banking,Thus analysis raise drive trial.
2025-06-22,Office,4691.51,Credit Card,Control toward size.
2025-08-31,Utilities,814.7,Cash,Marriage paper security certain finally here.
2024-06-15,Health,3077.84,Credit Card,Condition identify than beyond project against night.
2025-03-22,Food,4357.44,Cash,School clear character.
2024-08-04,Entertainment,1371.11,Debit Card,
2024-11-18,Utilities,3255.36,Debit Card,President wife spring carry century.
2024-07-24,Utilities,,UPI,Letter party raise.
2025-10-07,Utilities,3992.61,UPI,Business our only about strong.
2024-08-29,Entertainment,1672.87,Credit Card,Piece research through environment glass thus.
,Office,985.0,Credit Card,Remain good behavior what career manager health.
2025-12-06,Travel,,UPI,Successful everything learn.
2025-07-26,Travel,3510.25,Cash,Long special enjoy create.
2025-06-12,Health,496.9,UPI,Everything art that I scene system meet.
2025-05-17,Utilities,382.6,Credit Card,Perform list do thousand feel scientist.
,Travel,3127.01,Debit Card,Technology must seven same process technology.
2026-02-02,Food,614.26,Debit Card,Standard effect hard meeting challenge.
2025-09-13,Entertainment,1054.36,UPI,Same foreign cultural buy.
2026-04-12,Health,3487.19,,Discover grow stop physical fine age inside.
2025-06-29,Utilities,1343.92,,
2026-02-02,Utilities,2331.0,Cash,Sure show open art.
2025-05-10,,4793.47,Cash,Scientist brother explain something cut process.
2026-01-15,Health,4990.1,Debit Card,Arrive paper car money upon.
2025-06-26,Health,1179.4,Credit Card,Much ever whether audience in.
2026-03-28,Entertainment,4819.21,Credit Card,Open pick case people.
,Office,4187.73,Credit Card,With work condition create education door.
2025-11-23,Travel,4167.75,UPI,Special student create say cell five school.
2025-12-28,Food,3083.11,Debit Card,Certain upon according building prevent state.
2024-11-11,,2751.39,,Anyone during popular hear recent.
2026-03-02,Travel,771.64,Cash,Account more run marriage hot.
2024-10-17,Health,2694.81,Debit Card,Court investment even matter make.
2025-07-15,Health,1464.43,Net Banking,Huge financial science month.
2026-02-08,,2067.46,Debit Card,Road glass join standard population medical value.
2025-03-07,,1900.73,Net Banking,Statement few ground general garden ok.
2024-07-11,Utilities,2867.7,,Prepare quality help idea along soon wind.
2025-04-17,,1163.08,Cash,Word stock catch simple.
2024-07-01,Health,3084.41,UPI,Interest check behavior.
2025-04-02,Office,2791.32,,Enough skin doctor speak.
2025-09-06,Entertainment,2863.34,Net Banking,High wait onto safe themselves treat standard.
2025-10-18,Utilities,,Debit Card,Manager hot successful month Mrs exist within white.
,Travel,29.78,UPI,Apply network national live.
2024-09-15,Utilities,1111.11,UPI,Travel word argue them I.
2024-07-24,Food,2413.37,Cash,Do book industry.
2026-03-17,Health,3840.72,Credit Card,Staff skill across wife everybody stuff election.
2026-02-09,Office,1535.89,UPI,Artist race ago add like top.
2024-06-04,Entertainment,3281.85,Net Banking,
2025-12-10,Utilities,1732.1,Credit Card,Direction method never return.
,Food,236.05,Credit Card,Protect prepare drop wait small.
,Travel,2480.09,Debit Card,Age of tax hard others west.
2025-07-05,Travel,2389.16,Cash,High southern himself those.
2025-11-10,Food,528.06,Cash,Fine key trouble data.
2025-08-04,,2698.41,Cash,Republican fact expert level one north two.
2025-09-16,Health,4636.36,Cash,Management beat partner good husband president tell instead.
2024-08-17,Entertainment,976.08,Cash,
2026-03-20,Utilities,4402.6,UPI,Hear trade four build that.
2025-11-22,Food,2373.15,Net Banking,Happen price least behind year.
,,1825.03,Cash,Staff participant how throughout ground.
2024-10-22,Food,4632.21,Credit Card,Mention leg keep guess difficult itself.
,Health,3142.76,UPI,Edge suggest describe reach.
2026-05-15,Travel,1283.33,Credit Card,
2025-09-09,Travel,75.11,Credit Card,Soldier factor wait always side best.
2025-11-18,Health,906.16,Cash,Hit step order enter commercial.
,Health,2467.8,Cash,These property fire candidate.
2025-03-25,Food,1506.58,Credit Card,
2024-11-26,Entertainment,1856.21,,Religious low within decision challenge result rock.
2024-07-23,Food,1442.27,Net Banking,Son old listen show.
2025-08-18,Entertainment,2913.85,UPI,Finish voice approach after culture increase.
2025-10-18,Food,3859.53,Net Banking,Argue reality every contain audience process.
2024-12-01,Entertainment,2576.06,UPI,Attack leader occur whom evening price.
2026-03-18,Office,1662.94,UPI,Newspaper test issue thing street school although center.
2024-11-25,Health,3366.44,Credit Card,Head face piece simply.
2024-07-27,Office,3195.42,Cash,Above deal close natural spring stand.
2025-11-12,Entertainment,2318.86,Credit Card,Everybody success window study.
2025-11-10,Office,1816.4,Credit Card,Year lay tree me dinner.
2024-07-05,Health,2060.37,Credit Card,
2024-12-15,Travel,1861.28,Cash,Process huge work performance thousand my state.
2025-01-18,Food,566.59,Credit Card,
2025-10-11,Entertainment,1608.84,Net Banking,War occur trial another say.
2024-12-18,,4771.46,Debit Card,Author year environment speech record trade.
2026-02-02,Travel,3178.12,Credit Card,Section position use so.
2025-03-15,Utilities,658.26,Cash,Almost home remember.
2025-04-21,Health,2799.09,UPI,
,Health,501.96,Credit Card,Course boy large door major edge.
2025-04-12,Health,364.56,Cash,Fall service us development.
2025-01-02,Health,63.22,,Nature clear decade against she four detail door.
2025-06-05,Food,,Credit Card,Get cause modern air begin beautiful sign expert.
2025-09-22,Health,3047.72,Debit Card,Right media final no.
2025-03-18,Office,2033.91,Credit Card,Need crime cup minute speak trade.
2025-11-27,,4057.34,Credit Card,Door lay argue itself out minute behind politics.
2025-05-04,Health,564.76,,Stock summer discover nature.
2025-05-24,Office,1791.29,Net Banking,Quickly offer or sometimes.
2025-07-04,Utilities,2139.64,Credit Card,Only charge kind message same situation thank left.
2024-12-22,Entertainment,4952.13,UPI,Take task phone miss young north ever.
2026-01-04,Health,1488.5,Cash,Democratic color tend reach commercial large.
2024-07-28,Travel,4155.23,Net Banking,Itself star nature car among sense take.
2025-06-17,,2944.49,Debit Card,Act computer she water development.
2025-02-06,Office,3366.02,UPI,Weight stuff during.
2024-05-28,Food,3198.9,Cash,Thank head model only tend example computer front.
2025-03-03,Utilities,,,Exactly clear town pass level.
2026-02-02,Utilities,2933.02,,Improve partner former son late what play people.
2024-10-05,Entertainment,2217.28,Credit Card,About certain manage south coach agency.
2026-01-19,Health,4971.25,Debit Card,
2024-10-30,Office,2433.36,Cash,Fine future rock buy your.
,Travel,72.45,Debit Card,Cut care town some three current couple.
2026-02-21,Health,3347.19,UPI,Score experience first however charge rule wonder.
2024-07-05,Entertainment,3546.28,Credit Card,Fear positive old skill threat.
2026-05-19,Food,1607.1,Cash,Themselves win weight pressure apply rest.
2026-03-31,,3300.99,Debit Card,Fund together half though receive.
2025-06-18,Utilities,4948.16,,
2025-09-20,Office,2397.27,UPI,Open name recent fast.
2024-12-04,Health,2057.41,Cash,Hard shake call often.
2026-02-16,Utilities,,Debit Card,War that fly fly someone.
2026-05-01,Office,4509.74,Credit Card,Mission challenge certain fly.
,Utilities,3982.72,Debit Card,Politics cell quite population mean themselves.
2024-11-30,Health,487.77,,Be available thing finish.
2024-06-07,Health,2605.25,Cash,Surface take case recently recognize address.
,Food,3508.69,,
2024-12-13,Utilities,2480.79,Debit Card,Think painting pay scene billion risk food.
2024-11-18,Utilities,,Debit Card,Change nor black prepare.
2026-02-18,Office,1472.34,Net Banking,Board resource enjoy.
2025-08-01,Food,3591.72,Debit Card,Thought off note.
2025-10-12,,3359.61,Net Banking,Station many thus official make cause.
2024-12-30,,612.59,Debit Card,Close will floor song political side recognize seat.
2025-05-25,Office,3173.62,UPI,Large hit major measure concern team product blood.
2025-08-13,Utilities,2452.3,Debit Card,Rich road activity shoulder pattern.
2024-05-31,Travel,2919.05,Cash,Amount development until charge blood prevent.
2025-02-12,Utilities,3021.09,UPI,Big us sea.
2024-10-04,Entertainment,2204.31,Cash,Student want material impact seem.
2026-04-06,Health,4316.02,Cash,Popular tend rule lay model.
2024-12-18,Health,4357.73,Credit Card,Civil Mr year reduce full yeah investment.
2024-06-16,Entertainment,2289.62,Net Banking,
2026-04-30,Office,2955.28,Net Banking,Small paper assume loss fine bed.
2025-05-07,Travel,,,Prove clear start speak term recently information.
2024-07-09,Office,4740.79,Credit Card,Well cup fly guess.
2025-01-05,Travel,4929.43,Debit Card,Gun bad much they address business.
2024-07-11,Travel,2553.61,UPI,Economy ask service card message beat.
2025-07-12,,3544.51,Credit Card,Describe along rate soldier view again check.
,Health,349.48,Cash,Act yard after adult.
2025-04-04,Entertainment,4583.49,UPI,Once involve smile kind system one enjoy.
2025-05-07,Utilities,2266.98,Credit Card,Civil experience treat home message serve expert.
2025-01-05,Utilities,3694.95,UPI,Laugh south over seven size just film.
2024-08-24,Entertainment,802.57,Debit Card,
2025-08-15,,2000.1,Debit Card,
2025-09-26,Utilities,4067.91,Cash,Conference quite west do early game.
2026-01-30,Travel,492.7,,Color lose life her chair call federal.
,Office,1929.25,Cash,Even record field attack.
2024-08-30,Office,2912.87,Debit Card,Partner truth message each successful seek attention.
2025-09-18,Travel,3019.18,Net Banking,Message police direction bed society get summer.
2025-10-20,Travel,2177.49,,Add shoulder without process race very teacher boy.
2026-03-08,Travel,382.12,Debit Card,Human how part development.
2025-12-31,Health,477.5,,So fire white.
2025-08-31,Utilities,2776.16,,Score support coach.
2025-06-03,Travel,1775.19,Debit Card,Before from war probably choice admit.
,Travel,3807.99,,Machine make girl window power consider treatment.
2026-04-19,Office,1685.1,Debit Card,Appear stand offer admit this team now.
2025-01-27,Food,18.85,,Almost card almost first anything.
2026-02-10,Utilities,4479.22,Debit Card,Professional local husband across.
,Travel,1312.04,Debit Card,Occur service Republican attack.
2024-08-17,Office,3998.77,Net Banking,Mother produce present imagine take.
2025-03-14,Health,1585.35,Net Banking,Trouble other black better fish ready.
2025-10-02,Office,3808.42,Debit Card,Financial run small wait natural direction which.
2026-02-08,,1108.14,Net Banking,Score bar establish management.
2025-10-10,,4980.49,Cash,Report this that team series nearly quickly explain.
,Entertainment,2620.34,UPI,Bed buy TV open continue.
2024-09-05,,4189.63,Credit Card,Despite boy similar itself very.
2025-08-15,Entertainment,,UPI,
2024-08-22,Office,3222.76,UPI,Life finally property.
2024-07-09,Food,1358.63,Credit Card,Kid tend manager ball reduce gas.
2026-04-21,Utilities,1803.93,Debit Card,Improve ever become simple increase.
2024-05-30,Food,1112.35,Debit Card,Ball culture image amount else plan home.
2024-08-23,Travel,3498.75,Cash,Card else it week prove explain.
2025-09-20,Office,490.63,Net Banking,Increase it year lead enter.
,Office,3921.91,Net Banking,See word each fly.
,Office,3910.26,Net Banking,Image approach fine prove little.
2024-06-29,Entertainment,3429.01,,When read science.
2024-08-22,Travel,2520.9,,Ago again believe set stage.
2024-12-26,Health,4721.93,Cash,Fly visit price town address accept difficult.
2026-05-01,Utilities,,Debit Card,Around artist sign clearly red.
2024-12-26,Entertainment,,,Watch almost number story ten.
2025-09-05,Office,,Net Banking,Top win politics pressure term government especially dinner.
2025-09-13,Travel,,Debit Card,Sea movie manage subject.
2026-03-10,Office,3448.04,Net Banking,Into first care material they real break.
2025-08-15,Entertainment,3936.02,UPI,Store seven share vote leader lawyer.
2025-05-28,Entertainment,4214.83,UPI,About process say lead.
2024-11-06,Food,1163.11,Cash,Agent professional throw walk TV.
2025-12-17,Travel,1029.81,Cash,Majority because moment all.
2025-09-13,Utilities,2970.07,Credit Card,Beyond police onto throughout boy next.
2026-04-25,Health,1025.28,Credit Card,Dark whom thing skill not.
2024-08-07,Health,4207.99,Credit Card,Heart resource local four use bill.
2025-10-14,Health,4645.13,Net Banking,Science responsibility institution anything.
2025-09-24,Utilities,3546.73,Net Banking,Leg especially affect material.
2025-02-04,Utilities,2856.97,UPI,Watch turn girl still company.
2025-04-16,Food,4808.16,Debit Card,Security evidence billion include street nearly trouble.
2024-08-30,Entertainment,2812.86,Credit Card,Reach end down brother way.
2026-03-07,Entertainment,1107.95,UPI,Table actually machine.
2025-07-30,Entertainment,,UPI,Claim medical might food do trade while.
2025-08-18,Travel,1965.09,Net Banking,Another teacher positive player those cold structure out.
2024-06-23,Utilities,1336.75,UPI,Magazine behavior eat north heavy trial far.
2025-08-10,Utilities,1430.92,Credit Card,Among fish skill suggest.
2024-10-25,Office,741.37,,
2024-06-07,Utilities,219.6,UPI,Most cold establish ahead.
2026-03-29,Health,4833.56,UPI,Real best bit win mouth want.
2024-12-17,,991.24,Net Banking,Tough record student nearly that.
2025-07-29,Food,4903.75,,
2024-10-24,Travel,395.15,UPI,Speech significant anything about pull there nothing.
2025-02-01,Utilities,4973.96,Credit Card,Civil while doctor good technology.
2024-08-19,Food,4081.67,Net Banking,Fear light who partner talk term important.
2024-09-21,Entertainment,2796.12,Cash,Fill energy service same factor especially commercial talk.
2026-01-07,Food,4726.44,Cash,Now room indicate turn player adult hot south.
2026-01-30,Entertainment,,Debit Card,Central follow produce enjoy fact audience.
2024-06-17,Travel,1180.93,Net Banking,Central despite less loss war.
,Travel,1459.21,Net Banking,Which study situation seven visit ahead.
2025-12-20,Utilities,1176.72,Cash,Garden less help method trip.
2024-09-29,Office,3098.08,Debit Card,Attorney by plant cold.
2025-06-09,Health,1899.32,Credit Card,Here his cost.
,Health,132.59,Credit Card,Each such middle most movie best as.
,Travel,4408.95,Debit Card,
2025-02-03,Entertainment,,Debit Card,Director agreement trade child head rock us especially.
2025-02-16,Utilities,2956.47,Net Banking,Represent really leg future.
2026-04-21,,1021.79,UPI,
2025-01-14,Food,3358.42,Cash,Military heart camera power last likely arrive.
2026-01-11,Health,,Debit Card,
2026-04-14,Food,3013.89,Net Banking,Open sort risk law guy light.
2024-08-28,Office,4573.48,Net Banking,Skin look strategy clear indicate daughter center.
2024-09-06,Food,1123.95,Net Banking,White nearly station number experience simply build.
2026-04-23,Office,3664.78,Debit Card,Home crime least describe.
2024-07-25,,1800.89,,Yard dream upon throw upon focus.
2025-06-20,Food,2605.22,Cash,Apply attention sea.
2025-01-21,Entertainment,638.89,,These whether past range instead physical cup carry.
2025-12-04,Entertainment,4058.56,Debit Card,
2025-11-22,Food,3774.3,Debit Card,Past half stay loss quality writer off.
2025-02-26,Utilities,250.83,,For fast camera though.
2025-10-16,Health,2063.7,UPI,
,Entertainment,2433.54,Debit Card,Manage everybody party record pick past.
2024-12-27,Utilities,3511.9,Credit Card,Among support where prove.
2025-04-22,Office,4433.22,UPI,He live manager child production executive above in.
2025-09-01,Travel,2173.5,Cash,Draw interest job will enjoy.
2026-03-22,Utilities,1441.71,Cash,War once point son charge common.
2025-02-17,Office,914.49,UPI,Thing fact turn glass real lose chair.
2024-09-28,Travel,303.95,Credit Card,Improve able heavy check mouth trip also.
2025-07-20,Travel,3826.13,Credit Card,Like also analysis shoulder wish.
2025-09-25,Utilities,2390.52,Debit Card,Whole purpose those white marriage walk half.
2024-07-15,Office,1088.16,Net Banking,Agree town campaign improve system there long safe.
2025-02-28,Health,1107.32,,Whose real education surface democratic activity.
2025-02-28,Health,,Cash,It together within for position read.
2025-03-16,Utilities,1980.49,Net Banking,Game sense write third certainly.
2025-12-15,Office,676.73,,Parent run hundred value.
2025-05-31,Utilities,468.23,,Include may yard simply ever eye.
2025-05-28,Health,4388.57,UPI,Per keep soldier.
2026-04-12,Food,3782.88,Net Banking,Learn great simple each learn.
2024-11-04,Office,4393.29,Credit Card,Factor have about might.
2026-04-30,,,Credit Card,
,Health,3614.73,Cash,Ability teacher project left environment particular left.
2025-06-02,Health,3253.41,Cash,Morning their bring reduce.
2024-10-19,Food,198.22,Credit Card,Assume get boy hundred join throughout.
2025-05-02,Food,1116.17,Debit Card,Trade month figure financial student machine.
2025-03-27,Entertainment,350.82,Net Banking,Local tough crime raise president staff news.
,Office,4928.22,Cash,Draw important choice want nature.
,Entertainment,4708.16,Credit Card,Wait many will employee crime each.
2025-10-29,,3352.69,Credit Card,Pretty television then available.
2024-08-22,Entertainment,3954.59,Net Banking,Walk everyone participant last marriage.
2025-03-11,Travel,,Cash,Experience not six trip tonight.
2024-09-06,Entertainment,4183.72,Credit Card,
2024-07-25,Entertainment,909.04,UPI,Together film perhaps after.
2025-11-14,Office,,UPI,Meeting care power product.
2025-07-03,Utilities,3844.5,Net Banking,Behavior goal daughter per by nothing marriage.
2025-02-10,Food,3610.44,Cash,Admit professional box air care if.
2025-02-16,Travel,3964.8,Cash,Apply citizen you million.
,,461.87,UPI,Peace onto generation agency machine.
2025-04-19,Office,,Net Banking,Attention indeed left Congress candidate natural politics.
2025-12-07,Travel,3538.0,Debit Card,Director interview local police economy sister threat.
2026-01-05,Food,4162.7,Net Banking,Agency garden experience Congress.
2025-04-20,Food,2962.17,Net Banking,Attorney close stock door.
2024-08-16,,2375.1,UPI,Reflect herself authority chair.
2024-10-05,Food,491.34,Debit Card,Use picture baby clearly free his type low.
2025-07-18,Utilities,2587.97,Debit Card,
2024-06-19,,2385.01,Cash,Small music when activity rest analysis arrive.
2026-05-11,,2387.21,Cash,
2025-05-19,Health,3275.5,Credit Card,Pretty century station age prove.
2025-11-09,Health,4194.01,Credit Card,Someone produce fire until decision fast teacher.
2026-01-22,Utilities,2842.39,Cash,Should central authority appear.
2024-07-04,Food,2740.7,Debit Card,Two concern table finish both.
2025-01-08,Utilities,4623.42,UPI,Company table order day mean assume yet.
2025-09-16,Travel,20.24,Cash,Result go significant here morning question huge.
2025-07-30,Travel,2307.82,Net Banking,Town simply factor body group director couple such.
2025-06-24,,3223.04,,Read leader conference.
2025-04-25,Office,4192.51,UPI,Use indicate senior strategy another.
2026-05-04,,1378.09,UPI,Behind party hope establish owner sense your.
,Utilities,,UPI,Degree suffer pick require concern account century democratic.
2025-01-31,Food,466.87,,
2024-07-31,Utilities,1594.47,Cash,No shoulder movement admit evening.
2025-10-29,Health,345.71,UPI,Seek among public.
2025-09-12,Health,4705.28,Cash,Adult wind order worker your shake.
2024-12-17,Entertainment,1681.09,Debit Card,During behind example second sell sell ahead.
,Food,,,
2025-07-04,Entertainment,3536.52,Net Banking,Management exist prepare police.
2024-07-18,Office,4547.25,Credit Card,Determine family success.
2025-04-05,Food,4830.81,Credit Card,Society animal get goal skill speech total.
2024-12-07,Entertainment,2534.5,Debit Card,Accept stay how choice moment eight.
2025-04-03,Entertainment,3316.25,Debit Card,Chair director next weight eye fly matter.
2025-08-01,Health,1539.42,Debit Card,Itself TV detail through international.
2024-10-08,Health,4318.61,Credit Card,Political other fill focus central see.
2024-09-28,Entertainment,4041.08,UPI,Reflect market parent economic sense player.
2024-09-30,Utilities,2176.89,Credit Card,Important mouth page clear draw.
2025-05-14,,1111.44,Cash,Management thing high politics nearly color require.
,Health,2090.03,Credit Card,Stage amount town power.
2025-03-31,Utilities,4704.16,UPI,Money realize similar speech.
2025-12-19,,,Net Banking,Media factor while middle process machine mother.
2026-02-19,,240.27,Debit Card,
2024-11-02,Travel,,Net Banking,Day effect view go.
2024-10-15,Office,4711.58,UPI,Two history politics.
2025-11-20,Entertainment,3911.25,Credit Card,Someone teacher meet must over whole.
2025-07-13,Utilities,2006.87,Net Banking,Interesting bag event reason.
2026-02-28,Entertainment,986.29,Debit Card,Break program size hundred great.
2026-03-12,Food,1145.77,,Party card learn kind design many allow.
2025-07-30,,4850.42,,List discussion perhaps might teacher stand red.
2025-08-26,Entertainment,771.5,UPI,Machine toward before point great.
2025-03-19,Entertainment,4316.13,Net Banking,
2026-02-09,Utilities,2271.7,Cash,
,Travel,2905.42,Cash,Source floor onto major.
2024-09-30,Travel,3476.11,UPI,Mouth public rich stock reach wonder risk court.
2024-06-09,Entertainment,2270.93,UPI,Cell animal research analysis.
2025-07-13,Office,3320.04,UPI,Site church region nation.
,Utilities,134.76,Credit Card,Perhaps watch start her training simply.
2025-01-21,Travel,2848.0,Credit Card,Executive add with market practice relationship conference wind.
2024-10-11,Food,3815.02,Cash,About organization property piece and middle discussion rate.
2026-02-09,Entertainment,2137.06,,
2024-11-24,Health,1435.98,Credit Card,Apply radio join place store.
2026-02-09,Health,1126.86,Credit Card,Relate pattern suddenly friend.
2025-08-22,Travel,4150.04,UPI,Cell career include weight form affect bad.
2026-05-18,Entertainment,1973.36,Credit Card,Likely particular nation action budget child.
2025-09-22,Travel,1364.37,UPI,It sure course ability avoid form lead blue.
2024-11-28,Health,,Cash,Indicate possible quality that pass administration.
2026-04-23,Office,3597.26,,Any draw dream by spend establish agreement.
2024-11-11,Utilities,4515.35,Net Banking,Movie fly idea government fill never.
2025-10-17,,3527.39,UPI,Cost level believe property about.
2025-10-23,Entertainment,3312.41,,Maybe room mouth land knowledge hair easy.
2026-03-16,Entertainment,2901.59,UPI,Phone send store brother rise.
2026-01-17,Food,2182.13,Cash,Almost lot dark next management.
2026-05-14,,,UPI,Doctor cell example analysis free seat according.
2025-10-08,Travel,3958.13,UPI,Traditional bill beat half fire.
2024-11-16,,4318.78,Net Banking,Just never or mind nothing painting.
,Utilities,4443.02,Net Banking,Federal can painting.
2026-03-19,Food,899.31,Cash,He project worry unit.
2026-02-25,Health,3885.97,Credit Card,Other forward race I half.
2024-09-26,Food,1516.74,Cash,Month again another wish organization field.
2025-10-23,Entertainment,1789.22,,Family less head reflect.
2025-11-05,,,Net Banking,Enter lay parent attack.
2026-03-19,Travel,2493.3,Cash,Program door include something face time movie.
2025-07-10,Food,4205.79,UPI,Indicate team hope model project forward response.
2025-07-09,Food,1148.09,Debit Card,Gas whom idea ever.
2024-10-01,Utilities,4909.44,Credit Card,Development ok of court people sit.
2025-11-01,Office,3135.42,Cash,
2024-10-06,,154.48,Credit Card,Of floor avoid politics mission probably.
2026-05-01,Utilities,2739.13,Credit Card,Reveal evidence their culture never authority south why.
2026-01-14,,1801.31,Debit Card,Sense almost senior strategy.
2025-10-23,Food,907.52,Net Banking,Without religious skin.
2024-09-19,Travel,844.79,Credit Card,Religious change operation yeah assume in.
,Food,4103.32,Credit Card,Push home business beat.
2025-05-20,Food,1429.18,Debit Card,On focus rate return.
2025-05-21,,3424.71,Debit Card,Few night question shake book line improve assume.
2025-06-03,,,Credit Card,Plan cause guy quickly participant.
2024-09-20,Health,1097.72,Net Banking,Wind mouth land federal choose.
2025-11-10,Travel,1067.22,Cash,System again process yet difficult make.
2026-04-15,Office,,Debit Card,
2025-11-18,Travel,1923.82,,This and employee among organization then unit could.
2025-11-29,Utilities,1402.39,Net Banking,Site anyone sister really white.
2024-07-11,Travel,,Cash,Benefit finally person lay.
2025-07-09,Health,3515.32,Credit Card,Turn people against meet base fast owner.
2024-09-11,Utilities,,Debit Card,Green central soldier simply apply.
,Food,,UPI,Guess lead enough.
2026-05-21,Health,827.0,Debit Card,Education small course bag mention number.
2025-04-26,Utilities,781.3,,Perhaps determine moment range.
2025-10-26,Travel,790.76,,Outside rise become officer film.
2025-06-02,Utilities,4430.37,Cash,Group chance manager do response bad.
2024-08-08,Entertainment,2710.26,UPI,Activity year fish.
2024-12-15,Office,2854.11,Debit Card,Face investment this allow collection particular one.
2025-06-22,Office,1223.34,Cash,Though final that.
2025-10-29,Utilities,,UPI,Star eat ok your when.
2025-07-10,Food,4104.07,,Attorney environment experience court bank line great.
2026-03-29,Office,409.24,Net Banking,Get card husband keep sit feel company.
2025-11-25,,510.03,Cash,Eye leg student friend hard away.
2024-07-04,Food,4655.73,Debit Card,
,Office,3576.83,Cash,
,Entertainment,3312.65,Cash,Positive million into police east sense exactly.
,Utilities,4095.41,UPI,Table begin garden police too camera.
2024-09-21,Food,638.67,UPI,Begin newspaper dinner television form list.
2025-08-23,Entertainment,4328.77,Credit Card,Institution someone defense name value.
2025-06-30,Travel,3234.93,Credit Card,Six carry trip movement.
2025-09-23,Office,3697.65,UPI,Off join firm.
2024-10-04,Travel,2876.45,Net Banking,Before will visit worry subject choose play.
2026-03-31,Health,395.29,Cash,Fight fund budget.
2024-07-22,Entertainment,3002.08,UPI,Animal type issue according.
2025-09-20,Food,2831.85,UPI,Personal probably common never.
,Utilities,1120.22,Debit Card,Field opportunity method wonder.
2024-06-17,,2747.03,Net Banking,Whose capital would compare citizen adult.
2025-10-08,Travel,4907.69,Credit Card,Prepare join number level pull result.
2024-12-18,Utilities,276.52,UPI,
2025-01-11,Utilities,1300.21,Credit Card,Back feeling set scene food official.
2024-09-17,Food,4889.12,,Less star energy go.
,Travel,2341.03,UPI,Analysis girl whole manager.
2025-05-08,Health,2587.76,UPI,Mission paper use end bring sit.
2024-11-11,Office,4306.25,UPI,Forget to among while.
,Utilities,3581.16,Debit Card,Guy social if law life.
2024-10-15,Food,102.36,UPI,Country public discussion purpose from.
2024-09-03,Travel,2052.12,Credit Card,
2025-10-29,Health,770.09,Debit Card,
2024-06-25,Office,2970.35,,None drug happy government shoulder reason paper personal.
2024-11-27,,2837.41,Net Banking,Race story buy reflect book describe.
2026-04-04,Entertainment,2282.18,UPI,Positive keep loss from good.
,Health,3162.38,Net Banking,Site letter travel nothing rule mean floor.
2024-08-07,Entertainment,440.46,UPI,Call activity kind since control.
,Travel,1619.22,Credit Card,Production last change Mr family effort.
2024-11-14,Travel,3385.59,Credit Card,Quickly administration where to create exactly camera.
,Entertainment,4332.66,Credit Card,Short forward part unit be deep type.
,Utilities,,UPI,School animal range maybe.
,Travel,4755.09,,Individual cell discussion benefit after office.
2024-08-09,Utilities,250.47,,Floor say risk impact culture analysis born.
2025-12-17,Entertainment,526.08,Net Banking,Next source at ground sort wonder.
2024-12-14,Travel,2206.37,Debit Card,Positive her middle appear.
2025-05-07,Entertainment,1710.94,UPI,Bar concern however general last increase.
2024-06-27,Health,4369.55,Credit Card,Know cold marriage cultural one quality shoulder.
2025-12-20,Travel,4795.35,Net Banking,Help brother style.
2025-04-03,Health,3693.39,Net Banking,State food data great consumer political.
2025-01-04,Utilities,4730.49,Debit Card,
2024-10-29,Entertainment,4958.33,Net Banking,Open interview across federal general.
2025-12-24,Food,1363.07,Cash,Possible kind fund eye new.
2025-02-16,Food,2769.46,Cash,Sea respond remember majority place do.
2025-11-12,Utilities,4877.91,Net Banking,Enough standard page few theory compare.
2024-12-21,Food,3404.94,Credit Card,
2024-06-22,,1222.79,Cash,Ago pay treatment control such today.
2026-01-17,Health,1596.0,Cash,Discussion cultural hotel test project economic west.
2025-08-18,Entertainment,,Net Banking,Song be the control realize.
2024-11-06,Entertainment,909.14,Net Banking,Phone just number exist.
2025-01-02,Office,467.43,Credit Card,Where instead have product hot new.
2024-07-01,Travel,4163.24,Debit Card,Necessary magazine respond.
2024-06-15,Food,2955.39,Debit Card,Commercial page sing hand statement.
2024-05-31,Food,4426.83,Credit Card,Seat may out energy change.
2025-09-16,Food,2354.58,,Wall present score set type today role threat.
2024-12-24,,4617.01,Net Banking,
2025-08-25,Travel,3966.39,,Dog nation best protect read relate decision.
2025-11-10,Food,323.57,Cash,Successful class true coach voice others energy remain.
2025-12-20,Office,111.89,Debit Card,A forward left space.
2025-12-20,Utilities,608.51,Debit Card,Leave hand particularly way black least.
2026-05-08,Travel,2054.46,Cash,Participant trouble item really why.
2024-05-31,Entertainment,1361.85,UPI,Run low which receive baby.
,Utilities,2047.3,,Painting use area use receive ahead.
2026-02-19,Travel,,,Fact its response he million concern.
2026-02-17,Travel,1037.07,Debit Card,Industry cover century industry have human hold coach.
2024-12-20,Utilities,3132.7,Credit Card,
2025-03-24,Travel,1738.22,Credit Card,Down expect approach final organization already technology.
2024-09-25,Health,65.06,Debit Card,Actually respond nice after we.
2025-02-24,Entertainment,1190.15,Net Banking,Beautiful least side idea true Mrs wear if.
2025-03-29,Utilities,1121.65,Credit Card,Trade participant smile.
2025-03-17,Entertainment,2495.29,Credit Card,Road head particularly.
2024-06-18,Travel,2698.08,Cash,Range husband detail budget.
2024-11-03,Office,1068.57,Credit Card,
2024-10-22,Food,1993.71,Credit Card,Employee wall kid picture.
2024-11-21,Entertainment,3724.25,,
2026-03-26,Entertainment,,UPI,
2025-08-05,Utilities,370.08,Credit Card,Already trial attorney write head.
2025-02-05,Office,2664.38,Cash,Short economic so address.
2025-09-18,Entertainment,3476.95,Credit Card,American various cause send.
2024-10-11,Travel,,Net Banking,Put system set foreign shoulder magazine century.
2024-12-14,,195.66,Debit Card,Personal chair term something modern.
2026-01-21,Food,4403.43,UPI,Newspaper information home important.
2025-01-28,Entertainment,1291.54,UPI,Else number above condition.
2026-04-02,Office,1973.92,Net Banking,Late consumer especially picture type.
2024-08-24,Entertainment,1998.71,Credit Card,Company door begin think thank meet.
2025-01-04,Health,,Net Banking,Nothing accept court account why beautiful year.
2025-04-05,Utilities,3843.46,Credit Card,Series mean interesting feeling realize want southern.
2026-01-04,Utilities,1488.57,Net Banking,International choose live lawyer team American pull situation.
2026-02-11,Food,,Net Banking,Save magazine region.
,Entertainment,2799.14,Debit Card,Natural glass million better join.
2025-04-22,,1632.29,,Adult nothing culture these simple value area.
2024-12-01,Health,196.08,Cash,High together wide among newspaper man option two.
2026-03-30,Entertainment,1998.31,Credit Card,Product open standard Mr worry artist use contain.
2025-04-13,,1854.91,UPI,
2024-11-02,Travel,1592.53,Net Banking,Thank improve spend only far.
2025-04-20,Office,2410.02,,Pick hot write inside sure dinner offer.
2026-02-20,Food,3549.55,Net Banking,Speech push language.
2025-10-04,Entertainment,1032.7,UPI,Skin light organization sure career grow.
2024-09-21,Food,2107.63,UPI,Machine when media compare career.
2024-06-24,Travel,1324.25,Net Banking,It value painting once focus.
2025-06-17,Office,1566.95,Debit Card,Yourself establish voice Congress.
2026-05-15,Food,2423.27,Credit Card,Part accept choice first operation decide many time.
2024-09-26,,1922.08,Cash,Radio a kitchen common.
2025-09-27,Food,3176.1,Debit Card,Receive think turn structure government.
2024-10-03,Health,2905.55,Credit Card,Hold adult face far appear.
2024-06-25,Travel,3833.42,Debit Card,Customer situation hold book key as.
2024-12-14,Food,436.33,UPI,Station model table air fund other.
2024-10-14,Health,258.95,Cash,Lead level store land guess step.
2026-05-20,Food,3029.14,Debit Card,Crime religious heavy my theory against add.
2025-09-23,Travel,,Cash,Analysis reality national read nothing position.
2024-11-06,Entertainment,4148.48,Debit Card,Close whether focus treat part family.
2025-08-10,Utilities,,Debit Card,Thus high live any economy.
2024-11-14,Food,1656.48,Net Banking,Other him trip region line bar.
2025-02-25,Entertainment,4462.87,Net Banking,Itself rest sort.
,,328.22,Net Banking,Have suddenly wonder exist.
2024-12-08,Health,4330.6,Debit Card,News new simple someone.
,,1595.85,Credit Card,Yourself attack campaign point yes chance.
2024-05-31,Food,118.89,Credit Card,Sort including different word other letter.
2025-07-04,Entertainment,488.69,,National avoid population put.
2025-06-19,Travel,142.0,Credit Card,
2025-04-09,Utilities,4149.49,Net Banking,Between rest total light.
2026-03-15,Entertainment,1289.42,,Of task heavy toward wrong defense let.
2024-12-26,,521.36,Net Banking,Candidate employee fast should.
2025-09-12,Office,3629.02,UPI,Too church economic investment spend subject able.
2026-04-03,Health,3143.18,Debit Card,Rule almost parent amount easy nearly body.
2026-03-07,Entertainment,4523.53,UPI,Use Mr guy situation.
,Health,4795.68,UPI,Magazine very physical bed memory.
2025-04-29,,3313.38,Cash,
2025-03-10,Office,,Cash,Resource conference much begin until life student.
2025-01-16,Entertainment,1358.72,UPI,Region thought hotel.
2025-05-21,Travel,1224.56,Credit Card,Agreement environment shake size age his stay.
2024-12-17,,4879.73,Debit Card,Line thing run story follow fight.
2025-07-16,Food,3582.92,Net Banking,Though address night nation oil body.
2024-12-10,Entertainment,3557.55,UPI,Law art concern once trouble who.
2026-05-14,Office,,UPI,Much general item economic hospital wear scene.
2025-12-02,Utilities,4379.01,UPI,All option author end near.
2024-08-28,Entertainment,4034.9,Net Banking,Reveal tree recognize civil organization whether.
2026-01-22,Office,3223.78,Net Banking,Beat music adult sea story story office wonder.
2025-07-25,Entertainment,3239.72,Debit Card,Approach everyone city.
2026-02-15,Office,2006.9,Debit Card,Or worry everyone event every discover.
2024-11-02,Travel,1447.97,Cash,Machine here dream opportunity hour.
2025-07-31,Office,2422.25,Net Banking,
,Entertainment,4474.65,UPI,So should heart wonder nearly.
2025-07-21,,996.68,Credit Card,
2024-05-22,Travel,4588.92,Cash,Cost type training use.
2025-08-02,,3451.11,UPI,Moment class life individual heart anything after blue.
2024-08-04,Utilities,4145.96,Credit Card,
2026-04-16,Office,449.62,Cash,Although method important per north program marriage individual.
2025-03-11,Travel,1821.79,Credit Card,The least unit include catch away.
2025-07-06,Office,4567.43,Net Banking,Throughout arrive board our letter.
2024-09-04,Office,4129.2,Debit Card,Meeting war popular structure major common always series.
,Office,3032.15,Net Banking,Cover issue computer art money cost.
2026-03-21,Travel,3479.19,Cash,Add strategy pattern.
2024-12-22,Entertainment,557.0,Net Banking,Me kid huge onto rock leg.
2025-11-03,Utilities,2637.89,Credit Card,Meeting sister budget example figure however.
2026-03-23,Office,2983.87,Cash,Morning never film include accept road hand you.
2025-02-28,Office,820.63,Net Banking,Return book establish whether put model.
2024-08-23,Office,2714.5,,Wonder general some.
2025-05-07,Travel,4971.55,Credit Card,Grow be put society back company serve.
2024-09-06,Office,1380.96,,Customer effort provide some so sign image.
2024-11-13,Entertainment,3083.37,UPI,Decision century deep.
2026-01-27,Utilities,4753.86,UPI,Make concern dark price response rate.
2025-01-06,Food,2676.5,Debit Card,Over state agent man.
2025-10-24,Office,4423.6,Debit Card,Benefit reach week father policy usually offer eye.
2025-06-07,Entertainment,4742.22,Credit Card,Enough choice move build federal.
2025-02-26,Food,893.23,,
,Office,4890.5,UPI,Offer economic color environment environmental half conference dog.
2026-05-21,Travel,2899.19,Credit Card,Analysis watch when business agent.
2025-11-11,Health,4577.86,,
2026-02-16,Health,4417.98,Cash,Environmental attorney understand good happy politics.
2025-10-04,Food,4267.24,Credit Card,Spend before their huge store both when.
2025-08-19,Office,2503.72,Cash,Away decade key size product appear.
2026-01-07,Office,,Credit Card,Energy expert peace skill find.
2024-09-06,Office,,Credit Card,
2024-08-08,Utilities,983.03,Cash,Member parent between couple daughter million choose.
2025-11-14,Utilities,,Debit Card,Tax back or reason floor recent.
2025-06-03,Travel,,Net Banking,Send yes appear consumer interesting yard.
2025-06-03,Utilities,,Debit Card,Account rest operation though himself wait to.
2024-08-07,Utilities,4133.64,Cash,Reason decision these.
2026-03-15,Travel,1142.85,Credit Card,
2025-03-28,Entertainment,,Cash,Everything simply fall during administration professor hard.
2024-09-26,Food,4310.28,Net Banking,Truth range here stuff partner ball write.
2025-10-04,Office,1423.61,Cash,American bill act well enter mention.
2024-06-01,Entertainment,3480.23,Credit Card,Half hotel government.
2025-06-28,Health,680.39,Credit Card,
2024-08-02,Health,1840.88,Debit Card,Employee successful plan wrong arm expert.
2026-02-25,Utilities,3706.21,Debit Card,Sure tax ground.
2024-12-21,Office,387.52,Credit Card,Customer never allow rather somebody another.
2024-10-08,Food,173.55,Debit Card,Along environmental bill social.
2025-01-01,Health,3473.09,Net Banking,Question get live scientist main.
2026-02-13,Travel,397.27,Cash,Among perform west along despite health.
2026-01-24,Health,,Net Banking,
2025-07-25,Entertainment,105.0,UPI,Because executive late professor successful respond.
2024-06-20,Health,1254.01,Cash,Official plant generation easy however way about.
2025-01-23,Travel,58.55,UPI,Specific first light always summer.
2024-09-27,Food,822.69,,Paper various buy identify hotel rule the.
2025-05-04,Office,4195.25,Credit Card,Art tend rock keep the huge.
2024-06-06,Entertainment,2563.63,Debit Card,Newspaper significant decide record.
,Travel,3329.38,Net Banking,South apply surface black contain.
2024-09-29,Food,2269.89,Credit Card,Create successful seem direction suggest able.
,Health,81.76,Credit Card,Late add stage avoid positive.
,Health,2516.74,Net Banking,Feel front mind group plant bed area.
2025-04-11,Travel,2199.99,Cash,Teach fact brother.
2024-06-02,Entertainment,3042.26,Credit Card,Way act space resource big.
2025-08-22,Utilities,4777.76,Cash,Character try structure plan still station.
2025-09-05,Entertainment,1073.68,Debit Card,Traditional now design idea actually be mean drive.
2025-06-13,Food,3294.78,Cash,Black thing and Republican call dog PM.
,Entertainment,3104.31,Net Banking,Science process age doctor development herself western.
2026-03-31,Travel,3664.5,Credit Card,
,Utilities,3543.14,Net Banking,Leave give smile base carry debate.
2025-08-09,Travel,,Debit Card,Up government throw raise movie candidate reduce suffer.
2025-10-28,Food,2028.7,Debit Card,
2024-11-25,Office,,UPI,Teacher maybe even open big second night.
2024-06-29,Food,1881.63,Cash,Compare state one speech growth seven.
2024-06-09,Food,4817.6,Credit Card,Buy writer little artist.
2025-09-13,Health,625.39,Net Banking,Church investment chair part daughter wide step.
,Food,1967.64,UPI,Career wonder officer century leave order.
,Travel,3673.48,UPI,Player per business listen blood newspaper.
2024-05-23,Utilities,3674.01,Net Banking,Agency usually ask magazine head attorney four.
,,3690.92,Cash,Interview analysis upon.
2024-12-21,,396.11,Credit Card,Save heavy within worker.
2026-05-06,Utilities,4893.28,UPI,Child ago my teach officer mouth political.
2024-11-26,Utilities,556.7,Debit Card,Skin offer almost threat.
2026-04-25,Utilities,2747.06,UPI,News all professor indeed good.
2024-10-04,Utilities,,,Free believe common group.
2025-12-13,Office,1995.23,Credit Card,Room some wrong floor.
2024-09-13,Food,3981.95,Debit Card,
2024-08-18,Travel,2607.27,,
2025-05-19,Travel,,Debit Card,
2026-03-25,Food,3363.68,UPI,End east job effort huge tax.
2025-11-02,Health,1605.59,Debit Card,
2025-11-25,Food,1781.68,Debit Card,Hot bar road senior.
2024-11-25,Office,,Net Banking,
2024-08-03,Utilities,,Cash,Yourself describe occur use financial.
2025-03-30,Travel,1579.4,UPI,Energy model down partner candidate note.
2026-04-29,Entertainment,778.0,Credit Card,Story young seven call.
2025-06-11,Entertainment,3932.88,Net Banking,Politics trouble effort over start dream.
2024-12-06,Office,3560.17,Net Banking,Study great concern.
,Utilities,4865.34,Net Banking,Majority never movie able.
2024-12-13,Office,1921.83,Debit Card,Author term from example human.
2026-01-23,Entertainment,141.8,Net Banking,Heavy can involve something treat southern.
2025-08-01,Travel,230.54,UPI,
2025-04-08,Entertainment,,Net Banking,Approach hair memory skill professional friend local doctor.
2026-04-24,Travel,1480.19,UPI,Someone office either common believe.
2026-01-16,Travel,1160.04,Credit Card,Suggest as town state people pay.
2026-05-01,Entertainment,4808.45,Net Banking,Player enjoy there common Democrat exactly.
2025-09-04,Travel,87.1,,Pass month listen meet knowledge improve nothing.
2024-10-25,Food,3679.72,UPI,Book clearly various small defense current.
2024-11-02,Health,3370.55,Net Banking,Baby executive return.
2024-08-25,Entertainment,4411.08,,News degree sister land.
2025-10-11,Entertainment,,Debit Card,
2024-09-23,Entertainment,70.08,Credit Card,Sport goal woman next child.
2024-07-12,Travel,268.98,Debit Card,Pick station chair action school guess.
2024-07-25,,2869.42,Debit Card,Behind quite design enjoy.
2026-04-02,Food,1830.11,Credit Card,Bag play fall key.
2026-05-15,Utilities,815.64,Cash,Other theory movement.
2025-03-28,Travel,4435.62,Cash,Laugh movie deep involve respond.
2025-12-10,Entertainment,3792.33,Cash,Tax ahead performance.
2025-11-29,Utilities,1400.93,UPI,
2024-09-28,Travel,445.48,,Easy meeting stay exactly on ok.
2024-11-01,Office,,UPI,Player run option see church air mention.
2025-12-17,Utilities,1573.28,Debit Card,The like great phone management.
2025-03-13,,3507.94,UPI,Whom structure lot might very ten arm.
2024-07-29,Travel,190.63,UPI,Election suffer federal sell technology nearly.
2025-03-21,Travel,3223.74,Net Banking,Run series help security tell usually seat.
,Food,813.04,Net Banking,Sister onto vote week sense.
2024-11-04,Office,2861.06,UPI,
,Utilities,1203.7,Cash,Daughter partner strong television above quite friend.
2024-11-27,Entertainment,4934.46,Net Banking,Believe particularly in two total occur administration.
2024-06-21,Health,1756.35,UPI,Nor true game could.
2025-04-15,Entertainment,1236.96,UPI,Executive she large law agreement effort car.
2025-11-04,Entertainment,,Cash,Generation however technology although decade inside card.
